id,theme,focus_keyword,target_keywords,title,slug,meta_title,meta_description,tags,secondary_keywords_10
1,Accessories,football accessories uae,football accessories uae; football gifts for him uae; real madrid accessories gifts; football gifts for boyfriend,Football Accessories Uae in Dubai & UAE: Buying Guide + Best Picks (2026),football-accessories-uae-in-dubai-uae-buying-guide-best-picks-2026,Football Accessories Uae UAE (Dubai/Abu Dhabi) | Guide + Shop,"Learn how to choose football accessories uae in UAE: sizes, authenticity checks, and where to buy in Dubai & Abu Dhabi. Includes tips on football gifts for",abu-dhabi; accessories; dubai; real-madrid; uae,football accessories uae uae; football accessories uae dubai; football accessories uae abu dhabi; football accessories dubai; football shop uae; buy football accessories online uae; real madrid accessories uae; football gifts uae; fast delivery uae; authentic football gear uae
2,Accessories,football gift sets dubai,football gift sets dubai; grip socks football uae; football gifts uae; grip socks football,Football Gift Sets Dubai in Dubai & UAE: Buying Guide + Best Picks (2026),football-gift-sets-dubai-in-dubai-uae-buying-guide-best-picks-2026,Football Gift Sets Dubai UAE (Dubai/Abu Dhabi) | Guide + Shop,"Learn how to choose football gift sets dubai in UAE: sizes, authenticity checks, and where to buy in Dubai & Abu Dhabi. Includes tips on grip socks football",abu-dhabi; accessories; dubai; uae,football gift sets dubai uae; football gift sets dubai dubai; football gift sets dubai abu dhabi; football accessories dubai; football shop uae; buy football accessories online uae; real madrid accessories uae; football gifts uae; fast delivery uae; authentic football gear uae
3,Accessories,gift card football store,gift card football store; goalkeeper gloves for kids; custom football gifts uae; shin guards nike,Gift Card Football Store in Dubai & UAE: Buying Guide + Best Picks (2026),gift-card-football-store-in-dubai-uae-buying-guide-best-picks-2026,Gift Card Football Store UAE (Dubai/Abu Dhabi) | Guide + Shop,"Learn how to choose gift card football store in UAE: sizes, authenticity checks, and where to buy in Dubai & Abu Dhabi. Includes tips on goalkeeper gloves",abu-dhabi; accessories; dubai; uae,gift card football store uae; gift card football store dubai; gift card football store abu dhabi; football accessories dubai; football shop uae; buy football accessories online uae; real madrid accessories uae; football gifts uae; fast delivery uae; authentic football gear uae
4,Accessories,football bags,football bags; football scarf real madrid; football kit bag with boot compartment; soccer accessories online,Football Bags in Dubai & UAE: Buying Guide + Best Picks (2026),football-bags-in-dubai-uae-buying-guide-best-picks-2026,Football Bags UAE (Dubai/Abu Dhabi) | Guide + Shop Tips,"Learn how to choose football bags in UAE: sizes, authenticity checks, and where to buy in Dubai & Abu Dhabi. Includes tips on football scarf real madrid",abu-dhabi; accessories; dubai; real-madrid; uae,football bags uae; football bags dubai; football bags abu dhabi; football accessories dubai; football shop uae; buy football accessories online uae; real madrid accessories uae; football gifts uae; fast delivery uae; authentic football gear uae
5,Accessories,real madrid cap uae,real madrid cap uae; football shin guards nike; boot bag; real madrid scarf uae,Real Madrid Cap Uae in Dubai & UAE: Buying Guide + Best Picks (2026),real-madrid-cap-uae-in-dubai-uae-buying-guide-best-picks-2026,Real Madrid Cap Uae UAE (Dubai/Abu Dhabi) | Guide + Shop,"Learn how to choose real madrid cap uae in UAE: sizes, authenticity checks, and where to buy in Dubai & Abu Dhabi. Includes tips on football shin guards",abu-dhabi; accessories; dubai; real-madrid; uae,real madrid cap uae uae; real madrid cap uae dubai; real madrid cap uae abu dhabi; football accessories dubai; football shop uae; buy football accessories online uae; real madrid accessories uae; football gifts uae; fast delivery uae; authentic football gear uae
6,Accessories,football training equipment for home,football training equipment for home; compression shorts football; football water bottles squeeze; captain armband,Football Training Equipment For Home in Dubai & UAE: Buying Guide + Best Picks (2026),football-training-equipment-for-home-in-dubai-uae-buying-guide-best-picks-2026,Football Training Equipment For Home UAE (Dubai/Abu Dhabi) | Guide,"Learn how to choose football training equipment for home in UAE: sizes, authenticity checks, and where to buy in Dubai & Abu Dhabi. Includes tips on compression",abu-dhabi; accessories; dubai; uae,football training equipment for home uae; football training equipment for home dubai; football training equipment for home abu dhabi; football accessories dubai; football shop uae; buy football accessories online uae; real madrid accessories uae; football gifts uae; fast delivery uae; authentic football gear uae
7,Accessories,football cap,football cap; agility cones; best football socks for blisters; sock tape football,Football Cap in Dubai & UAE: Buying Guide + Best Picks (2026),football-cap-in-dubai-uae-buying-guide-best-picks-2026,Football Cap UAE (Dubai/Abu Dhabi) | Guide + Shop Tips,"Learn how to choose football cap in UAE: sizes, authenticity checks, and where to buy in Dubai & Abu Dhabi. Includes tips on agility cones, best football socks",abu-dhabi; accessories; dubai; uae,football cap uae; football cap dubai; football cap abu dhabi; football accessories dubai; football shop uae; buy football accessories online uae; real madrid accessories uae; football gifts uae; fast delivery uae; authentic football gear uae
8,Accessories,ankle guard football,ankle guard football; tape for football socks; training bibs; water bottles sports,Ankle Guard Football in Dubai & UAE: Buying Guide + Best Picks (2026),ankle-guard-football-in-dubai-uae-buying-guide-best-picks-2026,Ankle Guard Football UAE (Dubai/Abu Dhabi) | Guide + Shop,"Learn how to choose ankle guard football in UAE: sizes, authenticity checks, and where to buy in Dubai & Abu Dhabi. Includes tips on tape for football socks",abu-dhabi; accessories; dubai; uae,ankle guard football uae; ankle guard football dubai; ankle guard football abu dhabi; football accessories dubai; football shop uae; buy football accessories online uae; real madrid accessories uae; football gifts uae; fast delivery uae; authentic football gear uae
9,Accessories,neck warmer football,neck warmer football; captain armband football; replacement studs; football wristbands,Neck Warmer Football in Dubai & UAE: Buying Guide + Best Picks (2026),neck-warmer-football-in-dubai-uae-buying-guide-best-picks-2026,Neck Warmer Football UAE (Dubai/Abu Dhabi) | Guide + Shop,"Learn how to choose neck warmer football in UAE: sizes, authenticity checks, and where to buy in Dubai & Abu Dhabi. Includes tips on captain armband football",abu-dhabi; accessories; dubai; uae,neck warmer football uae; neck warmer football dubai; neck warmer football abu dhabi; football accessories dubai; football shop uae; buy football accessories online uae; real madrid accessories uae; football gifts uae; fast delivery uae; authentic football gear uae
10,Accessories,football studs replacement,football studs replacement; tactics board; referee kit; referee whistle dubai,Football Studs Replacement in Dubai & UAE: Buying Guide + Best Picks (2026),football-studs-replacement-in-dubai-uae-buying-guide-best-picks-2026,Football Studs Replacement UAE (Dubai/Abu Dhabi) | Guide + Shop,"Learn how to choose football studs replacement in UAE: sizes, authenticity checks, and where to buy in Dubai & Abu Dhabi. Includes tips on tactics board, referee",abu-dhabi; accessories; dubai; uae,football studs replacement uae; football studs replacement dubai; football studs replacement abu dhabi; football accessories dubai; football shop uae; buy football accessories online uae; real madrid accessories uae; football gifts uae; fast delivery uae; authentic football gear uae
11,Accessories,whistle for football,whistle for football; studs key; linesman flags; ball pump needle,Whistle For Football in Dubai & UAE: Buying Guide + Best Picks (2026),whistle-for-football-in-dubai-uae-buying-guide-best-picks-2026,Whistle For Football UAE (Dubai/Abu Dhabi) | Guide + Shop,"Learn how to choose whistle for football in UAE: sizes, authenticity checks, and where to buy in Dubai & Abu Dhabi. Includes tips on studs key, linesman flags",abu-dhabi; accessories; dubai; uae,whistle for football uae; whistle for football dubai; whistle for football abu dhabi; football accessories dubai; football shop uae; buy football accessories online uae; real madrid accessories uae; football gifts uae; fast delivery uae; authentic football gear uae
12,Accessories,football pump needle,football pump needle; real madrid kit uae; mbappe real madrid jersey; real madrid jersey 2025 uae,Football Pump Needle in Dubai & UAE: Buying Guide + Best Picks (2026),football-pump-needle-in-dubai-uae-buying-guide-best-picks-2026,Football Pump Needle UAE (Dubai/Abu Dhabi) | Guide + Shop,"Learn how to choose football pump needle in UAE: sizes, authenticity checks, and where to buy in Dubai & Abu Dhabi. Includes tips on real madrid kit uae",abu-dhabi; accessories; dubai; real-madrid; uae,football pump needle uae; football pump needle dubai; football pump needle abu dhabi; football accessories dubai; football shop uae; buy football accessories online uae; real madrid accessories uae; football gifts uae; fast delivery uae; authentic football gear uae
13,Jerseys,real madrid home jersey,real madrid home jersey; buy real madrid kit dubai; football gifts for him; bellingham real madrid shirt,Where to Buy Real Madrid Home Jersey in Dubai & UAE: Authenticity Sizing & Delivery,where-to-buy-real-madrid-home-jersey-in-dubai-uae-authenticity-sizing-delivery,Real Madrid Home Jersey UAE (Dubai/Abu Dhabi) | Guide + Shop,"Learn how to choose real madrid home jersey in UAE: sizes, authenticity checks, and where to buy in Dubai & Abu Dhabi. Includes tips on buy real madrid kit",abu-dhabi; dubai; jerseys; real-madrid; uae,real madrid home jersey uae; real madrid home jersey dubai; real madrid home jersey abu dhabi; official football kits dubai; football shop uae; buy football accessories online uae; real madrid kit uae; football gifts uae; fast delivery uae; authentic football gear uae
14,Jerseys,vinicius jr jersey,vinicius jr jersey; real madrid bellingham shirt; official football kits dubai; real madrid gifts uae,Where to Buy Vinicius Jr Jersey in Dubai & UAE: Authenticity Sizing & Delivery,where-to-buy-vinicius-jr-jersey-in-dubai-uae-authenticity-sizing-delivery,Vinicius Jr Jersey UAE (Dubai/Abu Dhabi) | Guide + Shop,"Learn how to choose vinicius jr jersey in UAE: sizes, authenticity checks, and where to buy in Dubai & Abu Dhabi. Includes tips on real madrid bellingham shirt",abu-dhabi; dubai; jerseys; real-madrid; uae,vinicius jr jersey uae; vinicius jr jersey dubai; vinicius jr jersey abu dhabi; official football kits dubai; football shop uae; buy football accessories online uae; real madrid kit uae; football gifts uae; fast delivery uae; authentic football gear uae
15,Jerseys,official club jerseys dubai,official club jerseys dubai; authentic football jerseys uae; real madrid away kit 2024; football kits sale,Where to Buy Official Club Jerseys Dubai in Dubai & UAE: Authenticity Sizing & Delivery,where-to-buy-official-club-jerseys-dubai-in-dubai-uae-authenticity-sizing-delivery,Official Club Jerseys Dubai UAE (Dubai/Abu Dhabi) | Guide,"Learn how to choose official club jerseys dubai in UAE: sizes, authenticity checks, and where to buy in Dubai & Abu Dhabi. Includes tips on authentic football jerseys",abu-dhabi; dubai; jerseys; real-madrid; uae,official club jerseys dubai uae; official club jerseys dubai dubai; official club jerseys dubai abu dhabi; official football kits dubai; football shop uae; buy football accessories online uae; real madrid kit uae; football gifts uae; fast delivery uae; authentic football gear uae
16,Jerseys,kids real madrid kit,kids real madrid kit; kids football kits; argentina messi jersey uae; custom football jerseys uae,Where to Buy Kids Real Madrid Kit in Dubai & UAE: Authenticity Sizing & Delivery,where-to-buy-kids-real-madrid-kit-in-dubai-uae-authenticity-sizing-delivery,Kids Real Madrid Kit UAE (Dubai/Abu Dhabi) | Guide + Shop,"Learn how to choose kids real madrid kit in UAE: sizes, authenticity checks, and where to buy in Dubai & Abu Dhabi. Includes tips on kids football kits",abu-dhabi; dubai; jerseys; real-madrid; uae,kids real madrid kit uae; kids real madrid kit dubai; kids real madrid kit abu dhabi; official football kits dubai; football shop uae; buy football accessories online uae; real madrid kit uae; football gifts uae; fast delivery uae; authentic football gear uae
17,Jerseys,arsenal new kit uae,arsenal new kit uae; manchester city kit uae; barcelona jersey dubai; football shirts for men gifts,Where to Buy Arsenal New Kit Uae in Dubai & UAE: Authenticity Sizing & Delivery,where-to-buy-arsenal-new-kit-uae-in-dubai-uae-authenticity-sizing-delivery,Arsenal New Kit Uae UAE (Dubai/Abu Dhabi) | Guide + Shop,"Learn how to choose arsenal new kit uae in UAE: sizes, authenticity checks, and where to buy in Dubai & Abu Dhabi. Includes tips on manchester city kit uae",abu-dhabi; dubai; jerseys; uae,arsenal new kit uae uae; arsenal new kit uae dubai; arsenal new kit uae abu dhabi; official football kits dubai; football shop uae; buy football accessories online uae; real madrid kit uae; football gifts uae; fast delivery uae; authentic football gear uae
18,Jerseys,where to buy original football kits in dubai,where to buy original football kits in dubai; barcelona new kit; man city jersey uae; argentina kit dubai,Where to Buy Original Football Kits in Dubai & UAE: Authenticity Sizing & Delivery,where-to-buy-original-football-kits-in-dubai-uae-authenticity-sizing-delivery,Where To Buy Original Football Kits In Dubai UAE (Dubai/Abu Dhabi) | Guide,"Learn how to choose where to buy original football kits in dubai in UAE: sizes, authenticity checks, and where to buy in Dubai & Abu Dhabi. Includes tips on barcelona",abu-dhabi; dubai; jerseys; uae,where to buy original football kits in dubai uae; where to buy original football kits in dubai dubai; where to buy original football kits in dubai abu dhabi; official football kits dubai; football shop uae; buy football accessories online uae; real madrid kit uae; football gifts uae; fast delivery uae; authentic football gear uae
19,Jerseys,brazil jersey uae,brazil jersey uae; authentic player version jersey; arsenal kit uae; liverpool shirt dubai,Where to Buy Brazil Jersey Uae in Dubai & UAE: Authenticity Sizing & Delivery,where-to-buy-brazil-jersey-uae-in-dubai-uae-authenticity-sizing-delivery,Brazil Jersey Uae UAE (Dubai/Abu Dhabi) | Guide + Shop,"Learn how to choose brazil jersey uae in UAE: sizes, authenticity checks, and where to buy in Dubai & Abu Dhabi. Includes tips on authentic player version jersey",abu-dhabi; dubai; jerseys; uae,brazil jersey uae uae; brazil jersey uae dubai; brazil jersey uae abu dhabi; official football kits dubai; football shop uae; buy football accessories online uae; real madrid kit uae; football gifts uae; fast delivery uae; authentic football gear uae
20,Jerseys,real madrid third kit long sleeve,real madrid third kit long sleeve; premier league kits uae; replica football shirts; football jersey printing,Where to Buy Real Madrid Third Kit Long Sleeve in Dubai & UAE: Authenticity Sizing & Delivery,where-to-buy-real-madrid-third-kit-long-sleeve-in-dubai-uae-authenticity-sizing-delivery,Real Madrid Third Kit Long Sleeve UAE (Dubai/Abu Dhabi) | Guide,"Learn how to choose real madrid third kit long sleeve in UAE: sizes, authenticity checks, and where to buy in Dubai & Abu Dhabi. Includes tips on premier league",abu-dhabi; dubai; jerseys; real-madrid; uae,real madrid third kit long sleeve uae; real madrid third kit long sleeve dubai; real madrid third kit long sleeve abu dhabi; official football kits dubai; football shop uae; buy football accessories online uae; real madrid kit uae; football gifts uae; fast delivery uae; authentic football gear uae
21,Jerseys,liverpool jersey uae price,liverpool jersey uae price; football jersey printing dubai; national team jerseys; la liga jerseys,Where to Buy Liverpool Jersey Uae Price in Dubai & UAE: Authenticity Sizing & Delivery,where-to-buy-liverpool-jersey-uae-price-in-dubai-uae-authenticity-sizing-delivery,Liverpool Jersey Uae Price UAE (Dubai/Abu Dhabi) | Guide + Shop,"Learn how to choose liverpool jersey uae price in UAE: sizes, authenticity checks, and where to buy in Dubai & Abu Dhabi. Includes tips on football jersey printing",abu-dhabi; dubai; jerseys; uae,liverpool jersey uae price uae; liverpool jersey uae price dubai; liverpool jersey uae price abu dhabi; official football kits dubai; football shop uae; buy football accessories online uae; real madrid kit uae; football gifts uae; fast delivery uae; authentic football gear uae
22,Jerseys,retro football kits uae,retro football kits uae; retro football shirts uae; long sleeve football jersey; football socks uae,Where to Buy Retro Football Kits Uae in Dubai & UAE: Authenticity Sizing & Delivery,where-to-buy-retro-football-kits-uae-in-dubai-uae-authenticity-sizing-delivery,Retro Football Kits Uae UAE (Dubai/Abu Dhabi) | Guide + Shop,"Learn how to choose retro football kits uae in UAE: sizes, authenticity checks, and where to buy in Dubai & Abu Dhabi. Includes tips on retro football shirts",abu-dhabi; dubai; jerseys; uae,retro football kits uae uae; retro football kits uae dubai; retro football kits uae abu dhabi; official football kits dubai; football shop uae; buy football accessories online uae; real madrid kit uae; football gifts uae; fast delivery uae; authentic football gear uae
23,Jerseys,football shorts buy,football shorts buy; vintage real madrid jersey; goalkeeper gloves uae; adidas predator gloves pro,Where to Buy Football Shorts Buy in Dubai & UAE: Authenticity Sizing & Delivery,where-to-buy-football-shorts-buy-in-dubai-uae-authenticity-sizing-delivery,Football Shorts Buy UAE (Dubai/Abu Dhabi) | Guide + Shop,"Learn how to choose football shorts buy in UAE: sizes, authenticity checks, and where to buy in Dubai & Abu Dhabi. Includes tips on vintage real madrid jersey",abu-dhabi; dubai; jerseys; real-madrid; uae,football shorts buy uae; football shorts buy dubai; football shorts buy abu dhabi; official football kits dubai; football shop uae; buy football accessories online uae; real madrid kit uae; football gifts uae; fast delivery uae; authentic football gear uae
24,Goalkeeper,goalkeeper jersey real madrid,goalkeeper jersey real madrid; courtois gloves buy; nike vapor grip 3 uae; uhlsport goalkeeper gloves dubai,Goalkeeper Jersey Real Madrid in Dubai & UAE: Fit Grip Fingersave & Matchday Tips,goalkeeper-jersey-real-madrid-in-dubai-uae-fit-grip-fingersave-matchday-tips,Goalkeeper Jersey Real Madrid UAE (Dubai/Abu Dhabi) | Guide + Shop,"Learn how to choose goalkeeper jersey real madrid in UAE: sizes, authenticity checks, and where to buy in Dubai & Abu Dhabi. Includes tips on courtois gloves",abu-dhabi; dubai; goalkeeper; real-madrid; uae,goalkeeper jersey real madrid uae; goalkeeper jersey real madrid dubai; goalkeeper jersey real madrid abu dhabi; goalkeeper gloves uae; football shop uae; buy football accessories online uae; courtois gloves buy; football gifts uae; fast delivery uae; authentic football gear uae
25,Goalkeeper,goalkeeper kit junior,goalkeeper kit junior; fingersave goalkeeper gloves; kids goalie gloves size 5; gk gloves sale,Goalkeeper Kit Junior in Dubai & UAE: Fit Grip Fingersave & Matchday Tips,goalkeeper-kit-junior-in-dubai-uae-fit-grip-fingersave-matchday-tips,Goalkeeper Kit Junior UAE (Dubai/Abu Dhabi) | Guide + Shop,"Learn how to choose goalkeeper kit junior in UAE: sizes, authenticity checks, and where to buy in Dubai & Abu Dhabi. Includes tips on fingersave goalkeeper gloves",abu-dhabi; dubai; goalkeeper; uae,goalkeeper kit junior uae; goalkeeper kit junior dubai; goalkeeper kit junior abu dhabi; goalkeeper gloves uae; football shop uae; buy football accessories online uae; courtois gloves buy; football gifts uae; fast delivery uae; authentic football gear uae
26,Goalkeeper,football gloves near me,football gloves near me; reusch gloves uae; professional goalkeeper gear; elite sport gloves uae,Football Gloves Near Me in Dubai & UAE: Fit Grip Fingersave & Matchday Tips,football-gloves-near-me-in-dubai-uae-fit-grip-fingersave-matchday-tips,Football Gloves Near Me UAE (Dubai/Abu Dhabi) | Guide + Shop,"Learn how to choose football gloves near me in UAE: sizes, authenticity checks, and where to buy in Dubai & Abu Dhabi. Includes tips on reusch gloves uae",abu-dhabi; dubai; goalkeeper; uae,football gloves near me uae; football gloves near me dubai; football gloves near me abu dhabi; goalkeeper gloves uae; football shop uae; buy football accessories online uae; courtois gloves buy; football gifts uae; fast delivery uae; authentic football gear uae
27,Goalkeeper,cheap goalie gloves,cheap goalie gloves; best grip goalkeeper gloves; goalkeeper padded pants; goalkeeper training equipment; size 8 goalkeeper gloves; goalkeeper wrist support,Cheap Goalie Gloves in Dubai & UAE: Fit Grip Fingersave & Matchday Tips,cheap-goalie-gloves-in-dubai-uae-fit-grip-fingersave-matchday-tips,Cheap Goalie Gloves UAE (Dubai/Abu Dhabi) | Guide + Shop,"Learn how to choose cheap goalie gloves in UAE: sizes, authenticity checks, and where to buy in Dubai & Abu Dhabi. Includes tips on best grip goalkeeper gloves",abu-dhabi; dubai; goalkeeper; uae,cheap goalie gloves uae; cheap goalie gloves dubai; cheap goalie gloves abu dhabi; goalkeeper gloves uae; football shop uae; buy football accessories online uae; courtois gloves buy; football gifts uae; fast delivery uae; authentic football gear uae
